{"packages":[{"id":11,"package_images":[{"id":309,"image":"https://media.leisuretimez.com/package/images/10.jpg","package":11},{"id":310,"image":"https://media.leisuretimez.com/package/images/11-download-2020-11-17T124149.235-1000x685_1.jpeg","package":11},{"id":311,"image":"https://media.leisuretimez.com/package/images/11-download-2020-11-17T124149.235-1000x685.jpeg","package":11},{"id":312,"image":"https://media.leisuretimez.com/package/images/66c22f87.avif","package":11},{"id":313,"image":"https://media.leisuretimez.com/package/images/1920x1080_SandalsOver-WaterBungalows.jpg","package":11},{"id":314,"image":"https://media.leisuretimez.com/package/images/42369.jpg","package":11},{"id":315,"image":"https://media.leisuretimez.com/package/images/46490C5CC83636C1194575BC82CF99A7.jpeg","package":11},{"id":316,"image":"https://media.leisuretimez.com/package/images/ah-aventura-hotel-exterior-pool-wide-a.avif","package":11},{"id":317,"image":"https://media.leisuretimez.com/package/images/Beachfront-Grande-Luxe-Club-Level-Suite-BC-1.jpg","package":11},{"id":318,"image":"https://media.leisuretimez.com/package/images/blue-mahoe-overwater.jpg","package":11},{"id":319,"image":"https://media.leisuretimez.com/package/images/Cedez_Sandals-South-Coast-Resort-18.jpg","package":11},{"id":320,"image":"https://media.leisuretimez.com/package/images/download.jpeg","package":11},{"id":321,"image":"https://media.leisuretimez.com/package/images/images_gOAP84a.jpeg","package":11},{"id":322,"image":"https://media.leisuretimez.com/package/images/Overwater-Bungalows-side-view-at-sandals-south-coast.jpg","package":11},{"id":323,"image":"https://media.leisuretimez.com/package/images/SandalsSouthCoastPool.jpg","package":11},{"id":324,"image":"https://media.leisuretimez.com/package/images/SandalsSouthCoastPools.jpg","package":11},{"id":325,"image":"https://media.leisuretimez.com/package/images/Sandals-1.jpg","package":11},{"id":326,"image":"https://media.leisuretimez.com/package/images/sandals-south-coast.jpg","package":11},{"id":327,"image":"https://media.leisuretimez.com/package/images/Sandals-South-Coast2.jpg","package":11},{"id":328,"image":"https://media.leisuretimez.com/package/images/Sandals-South-Coast-Dutch-Village.jpg","package":11},{"id":329,"image":"https://media.leisuretimez.com/package/images/Sandals-South-Coast-Grounds-and-Pool.jpg","package":11},{"id":330,"image":"https://media.leisuretimez.com/package/images/Sandals-South-Coast-Jamaica-Couples-Resort.jpeg","package":11},{"id":331,"image":"https://media.leisuretimez.com/package/images/Sandals-South-Coast-The-Hub-Of-Innovation-Is-Spinning-Again.jpg","package":11},{"id":332,"image":"https://media.leisuretimez.com/package/images/South-Coast-blog-pic-2.png","package":11},{"id":333,"image":"https://media.leisuretimez.com/package/images/video-thumbnail.jpg","package":11}],"package_id":"PKG591d75","name":"Hang'n Out with CELEBRITY","category":"special event","vat":"8.00","price_option":"discounted","fixed_price":null,"discount_price":"1,0,3000 - 2,0,5500 - ","max_adult_limit":null,"max_child_limit":null,"date_from":"2024-12-13","date_to":"2024-12-15","duration":4,"availability":40,"virtual":0,"country":"Jamaica","continent":"North America","applications":0,"submissions":0,"description":"<p class=\"ql-align-justify\">Hang'n Out with Celebrity is a program specially designed for people to HANGOUT on vacation with their highly respected and favored Celebrities around the world. During these few days (as scheduled) selected Celebrity and secret admirers will have a great opportunity to Wine &amp; Dine together, they will visit many interesting places together, take both personal and group photographs together, and many more. It is going to be an unforgettable experience for both Celebrities and their fans.</p><h2><br></h2><p><br></p>","main_image":"https://media.leisuretimez.com/package/main_images/coming_soon_SANDALS_JAMAICA.jpg","destinations":"The Sandals South Coast","services":"Tourist center reservation-Hotel/Airbnb Booking-Car/Buses Booking-Flight Booking-Chauffer reservation-Personal Itinerary-Personal Shopping","featured_events":"Music-Comedy-Cocktail Party-Banquest-Dancing and more","featured_guests":"","status":"active","created_at":"2024-10-28T17:29:19Z","updated_at":"2024-10-28T17:29:19Z","bookings":[]},{"id":10,"package_images":[{"id":152,"image":"https://media.leisuretimez.com/package/images/facade.jpg","package":10},{"id":153,"image":"https://media.leisuretimez.com/package/images/grand-premier-suite.jpg","package":10},{"id":154,"image":"https://media.leisuretimez.com/package/images/grand-premier-suite-bathroom.jpg","package":10},{"id":155,"image":"https://media.leisuretimez.com/package/images/hotel-exterior.jpg","package":10},{"id":156,"image":"https://media.leisuretimez.com/package/images/pool--v5435154.jpg","package":10},{"id":157,"image":"https://media.leisuretimez.com/package/images/rooftop-garden-suite_2.jpg","package":10},{"id":158,"image":"https://media.leisuretimez.com/package/images/the-katara-suite_1.jpg","package":10},{"id":159,"image":"https://media.leisuretimez.com/package/images/the-katara-suite.jpg","package":10},{"id":160,"image":"https://media.leisuretimez.com/package/images/the-lobby-restaurant--v5435288.jpg","package":10},{"id":161,"image":"https://media.leisuretimez.com/package/images/the-peninsula-paris_2.jpg","package":10},{"id":162,"image":"https://media.leisuretimez.com/package/images/the-peninsula-paris_3.jpg","package":10},{"id":163,"image":"https://media.leisuretimez.com/package/images/the-peninsula-paris_4.jpg","package":10},{"id":164,"image":"https://media.leisuretimez.com/package/images/the-peninsula-paris_8.jpg","package":10},{"id":165,"image":"https://media.leisuretimez.com/package/images/the-peninsula-paris_9.jpg","package":10},{"id":166,"image":"https://media.leisuretimez.com/package/images/the-peninsula-paris.jpg","package":10},{"id":167,"image":"https://media.leisuretimez.com/package/images/the-peninsula-paris-drone.jpg","package":10},{"id":168,"image":"https://media.leisuretimez.com/package/images/the-peninsula-suite_2.jpg","package":10},{"id":169,"image":"https://media.leisuretimez.com/package/images/the-peninsula-suite.jpg","package":10}],"package_id":"PKG4bb384","name":"Hang'n Out with Celebrity","category":"exclusive vacation","vat":"8.00","price_option":"discounted","fixed_price":null,"discount_price":" 1, 0, 3000 - ","max_adult_limit":null,"max_child_limit":null,"date_from":"2024-12-27","date_to":"2024-12-29","duration":4,"availability":50,"virtual":0,"country":"France","continent":"Europe","applications":0,"submissions":0,"description":"<p class=\"ql-align-justify\">Hang'n Out with Celebrity is a program specially designed for people to HANGOUT on vacation with their highly respected and favored Celebrities around the world. During these few days (as scheduled) selected Celebrity and secret admirers will have a great opportunity to Wine &amp; Dine together, they will visit many interesting places together, take both personal and group photographs together, and many more. It is going to be an unforgettable experience for both Celebrities and their fans.</p><h2><br></h2><p><br></p>","main_image":"https://media.leisuretimez.com/package/main_images/coming_soon.jpg","destinations":"The Peninsula 5 Stars Hotel Paris","services":"Tourist center reservation-Flight Booking-Car/Buses Booking-Chauffer reservation-Personal Itinerary-Personal Shopping","featured_events":"('(&#x27;(&amp;#x27;(&amp;amp;#x27;(&amp;amp;amp;#x27;Music-Comedy-Games-Swimming-Aquabike-Dolphin Cay-Aquareventure Experience-And many more&amp;amp;amp;#x27;,)&amp;amp;#x27;,)&amp;#x27;,)&#x27;,)',)","featured_guests":"Comedians-Artist","status":"active","created_at":"2024-10-03T23:39:52Z","updated_at":"2024-10-11T09:30:55Z","bookings":[]},{"id":9,"package_images":[{"id":121,"image":"https://media.leisuretimez.com/package/images/05d4085cc83f5c360df041cd1de7ed70_gifUAAl.jpeg","package":9},{"id":122,"image":"https://media.leisuretimez.com/package/images/7d5bec0841798338035e405487232624_4Yvbekk.jpeg","package":9},{"id":123,"image":"https://media.leisuretimez.com/package/images/9afd06e3fd350341f1c46d844c637a27_L0eD53p.jpeg","package":9},{"id":124,"image":"https://media.leisuretimez.com/package/images/158fb3d211357b4bee90bbcb31dee039_eSCoMES.jpeg","package":9},{"id":125,"image":"https://media.leisuretimez.com/package/images/999ef8d2b57583a9005684b15afa70ff_7ecRjtq.jpeg","package":9},{"id":126,"image":"https://media.leisuretimez.com/package/images/6937c2101acf0a82b31dd78941ed8af7.jpeg","package":9},{"id":127,"image":"https://media.leisuretimez.com/package/images/72207bbbda59d7a0ec7ea2761f947c83_sO88pE3.jpeg","package":9},{"id":128,"image":"https://media.leisuretimez.com/package/images/4870378682b362a77ed0ec01f2acea70.jpeg","package":9},{"id":129,"image":"https://media.leisuretimez.com/package/images/activities_E9LJeto.jpg","package":9},{"id":130,"image":"https://media.leisuretimez.com/package/images/Activities_Library_yKmhENw.jpg","package":9},{"id":131,"image":"https://media.leisuretimez.com/package/images/activities2_Nx9KHaF.jpg","package":9},{"id":132,"image":"https://media.leisuretimez.com/package/images/activities3_5rUpjAj.jpg","package":9},{"id":133,"image":"https://media.leisuretimez.com/package/images/activities4_Yfpjhc0.jpg","package":9},{"id":134,"image":"https://media.leisuretimez.com/package/images/activities5_ai59JbK.jpg","package":9},{"id":135,"image":"https://media.leisuretimez.com/package/images/activities6_iSJlSxh.jpg","package":9},{"id":136,"image":"https://media.leisuretimez.com/package/images/activities7_wvxgI0A.jpg","package":9},{"id":137,"image":"https://media.leisuretimez.com/package/images/activities8_7xTW9cC.jpg","package":9},{"id":138,"image":"https://media.leisuretimez.com/package/images/activities9_6zDCvT5.jpg","package":9},{"id":139,"image":"https://media.leisuretimez.com/package/images/atlantis-aquaventure-power-tower-the-surge-waterslide_O3XW7Wj.jpg","package":9},{"id":140,"image":"https://media.leisuretimez.com/package/images/atlantis-marine-exhibits-the-dig-navigation-room_NOMEAuf.jpg","package":9},{"id":141,"image":"https://media.leisuretimez.com/package/images/attractions_tMvMLnr.jpg","package":9},{"id":142,"image":"https://media.leisuretimez.com/package/images/BarbieHero_v6.jpg","package":9},{"id":143,"image":"https://media.leisuretimez.com/package/images/c24c8dcf7005fa533d7e20cfe9f239c6_hboQNx3.jpeg","package":9},{"id":144,"image":"https://media.leisuretimez.com/package/images/d8a92ec21e02800c51c9df3e02998d8d.jpeg","package":9},{"id":145,"image":"https://media.leisuretimez.com/package/images/ee7b31b77bbdd1dfb15c6aa6aa348a9e.jpeg","package":9},{"id":146,"image":"https://media.leisuretimez.com/package/images/fa9b223760d1a23f2ab58f20e59022fc.jpeg","package":9},{"id":147,"image":"https://media.leisuretimez.com/package/images/maxresdefault_5jL9goL.jpg","package":9},{"id":148,"image":"https://media.leisuretimez.com/package/images/oc-golf-course-golf-foursome.jpeg","package":9},{"id":149,"image":"https://media.leisuretimez.com/package/images/original.jpeg","package":9},{"id":150,"image":"https://media.leisuretimez.com/package/images/rooms_OBqmdWw.jpeg","package":9},{"id":151,"image":"https://media.leisuretimez.com/package/images/rooms2_hnWDviR.jpeg","package":9}],"package_id":"PKG764b67","name":"Hang'n Out with Pastor (Dr) Shola Adeoye","category":"special event","vat":"8.00","price_option":"discounted","fixed_price":null,"discount_price":" 1, 0, 2500 -  2, 0, 4000 - ","max_adult_limit":null,"max_child_limit":null,"date_from":"2025-02-13","date_to":"2025-02-16","duration":4,"availability":50,"virtual":6,"country":"Bahamas","continent":"North America","applications":1,"submissions":1,"description":"<p>Who is Dr. Shola? Dr. Shola Adeoye is a multi-talented professional with a diverse background in counseling, pastoral work, business, and IT. As a counselor, he has helped numerous individuals and families navigate various life challenges. In addition to his counseling work, Dr. Adeoye is also a respected pastor and spiritual leader, having served in various leadership capacities in his church for many years. He is known for his compassionate and practical approach to ministry, which has helped countless individuals find hope, healing, and meaning in their lives.</p><p>Beyond his work in counseling and pastoral ministry, Dr. Adeoye is also a successful businessman with a passion for entrepreneurship. He has founded several businesses over the years, including an IT consulting firm where he leverages his expertise in technology to help other businesses thrive in the digital age.</p><p class=\"ql-align-justify\">Dr. Adeoye is a devoted husband and father, and his family is at the center of his life. He is deeply committed to helping others achieve their full potential, both personally and professionally, and he is known for his unwavering integrity, kindness, and generosity of spirit.</p><p class=\"ql-align-justify\"><br></p><p><br></p>","main_image":"https://media.leisuretimez.com/package/main_images/Advert_flyer_1KkbJs4.jpg","destinations":"Royal Atlantis Paradise Bahamas","services":"Tourist center reservation-Flight Booking-Car/Buses Booking-Chauffer reservation-Personal Itinerary-Personal Shopping","featured_events":"('(&#x27;Games-Swimming-Dolphin Cay-Aquaventure Experience.&amp;amp;#x27;,)&amp;#x27;,)&#x27;,)',)","featured_guests":"Musicians-Guest Speaker","status":"active","created_at":"2024-10-03T20:36:02Z","updated_at":"2024-10-27T17:03:04Z","bookings":[]},{"id":6,"package_images":[{"id":291,"image":"https://media.leisuretimez.com/package/images/8231brochure1.jpg","package":6},{"id":292,"image":"https://media.leisuretimez.com/package/images/8231brochure2.jpg","package":6},{"id":293,"image":"https://media.leisuretimez.com/package/images/8231brochure3.jpg","package":6},{"id":294,"image":"https://media.leisuretimez.com/package/images/8231brochure4.jpg","package":6},{"id":295,"image":"https://media.leisuretimez.com/package/images/8231brochure5.jpg","package":6},{"id":296,"image":"https://media.leisuretimez.com/package/images/8231brochure6.jpg","package":6},{"id":297,"image":"https://media.leisuretimez.com/package/images/8231brochure7.jpg","package":6},{"id":298,"image":"https://media.leisuretimez.com/package/images/8231brochure8.jpg","package":6},{"id":299,"image":"https://media.leisuretimez.com/package/images/8231brochure9.jpg","package":6},{"id":300,"image":"https://media.leisuretimez.com/package/images/8231brochure11.jpg","package":6},{"id":301,"image":"https://media.leisuretimez.com/package/images/8231brochure12.jpg","package":6},{"id":302,"image":"https://media.leisuretimez.com/package/images/8231brochure13.jpg","package":6},{"id":303,"image":"https://media.leisuretimez.com/package/images/8231brochure14.jpg","package":6},{"id":304,"image":"https://media.leisuretimez.com/package/images/8231brochure15.jpg","package":6},{"id":305,"image":"https://media.leisuretimez.com/package/images/8231brochure16.jpg","package":6},{"id":306,"image":"https://media.leisuretimez.com/package/images/8231brochure17.jpg","package":6},{"id":307,"image":"https://media.leisuretimez.com/package/images/8231brochure18.jpg","package":6},{"id":308,"image":"https://media.leisuretimez.com/package/images/8231brochure19.jpg","package":6}],"package_id":"PKG22455d","name":"Yacht Cruise with Mr. Pee","category":"special event","vat":"8.00","price_option":"fixed","fixed_price":"8000.00","discount_price":null,"max_adult_limit":16,"max_child_limit":0,"date_from":"2025-06-13","date_to":"2025-06-15","duration":8,"availability":16,"virtual":0,"country":"United States","continent":"North America","applications":3,"submissions":2,"description":"<p class=\"ql-align-justify\">Hang'n Out with VIPs is a program specially designed for people to hang out on vacation with their highly respected VIPs. During these few days (as scheduled) selected VIP and secret admirers will have a great opportunity to Wine &amp; Dine together, they will visit many interesting places together, take both personal and group pictures, and many more. It is going to be an unforgettable experience for both VIPs and their fans.</p><h2><br></h2>","main_image":"https://media.leisuretimez.com/package/main_images/8231brochure18.jpg","destinations":"Mediterranee","services":"Tourist center reservation-Hotel/Airbnb Booking","featured_events":"Music-Comedy-fun","featured_guests":"john cena","status":"active","created_at":"2024-07-23T23:45:32Z","updated_at":"2025-01-16T17:31:57Z","bookings":[]},{"id":5,"package_images":[{"id":9,"image":"https://media.leisuretimez.com/package/images/1036048252-H-1024x700.webp","package":5},{"id":10,"image":"https://media.leisuretimez.com/package/images/Family_Croyde_Coast_PhRR_059.jpeg","package":5},{"id":11,"image":"https://media.leisuretimez.com/package/images/family-siesta-beach-florida-hero-1280x640.jpg.webp","package":5},{"id":12,"image":"https://media.leisuretimez.com/package/images/tradewinds-island-grand-hotel-st-pete-beach-florida-2000-919eff016e794118_HEP3xqx.jpg","package":5},{"id":18,"image":"https://media.leisuretimez.com/package/images/brochure_3.jpeg","package":5},{"id":19,"image":"https://media.leisuretimez.com/package/images/brochure_6.jpeg","package":5},{"id":20,"image":"https://media.leisuretimez.com/package/images/brochure_7.jpeg","package":5},{"id":21,"image":"https://media.leisuretimez.com/package/images/brochure_8.jpeg","package":5},{"id":22,"image":"https://media.leisuretimez.com/package/images/brochure_12.jpeg","package":5},{"id":23,"image":"https://media.leisuretimez.com/package/images/brochure_14.jpeg","package":5},{"id":24,"image":"https://media.leisuretimez.com/package/images/brochure_15.jpeg","package":5},{"id":25,"image":"https://media.leisuretimez.com/package/images/brochure_16.jpeg","package":5},{"id":26,"image":"https://media.leisuretimez.com/package/images/brochure_18.jpeg","package":5},{"id":27,"image":"https://media.leisuretimez.com/package/images/brochure_19.jpeg","package":5},{"id":28,"image":"https://media.leisuretimez.com/package/images/brochure_20.jpeg","package":5},{"id":29,"image":"https://media.leisuretimez.com/package/images/brochure_21.jpeg","package":5},{"id":30,"image":"https://media.leisuretimez.com/package/images/brochure_23.jpeg","package":5},{"id":31,"image":"https://media.leisuretimez.com/package/images/brochure_9.jpeg","package":5},{"id":32,"image":"https://media.leisuretimez.com/package/images/brochure_4.jpeg","package":5}],"package_id":"PKG4b8741","name":"Cruise Celebration","category":"exclusive vacation","vat":"8.00","price_option":"discounted","fixed_price":null,"discount_price":" 1, 0,1 000 -  2, 3, 2500 -  2, 4, 3000 - ","max_adult_limit":null,"max_child_limit":null,"date_from":"2024-05-01","date_to":"2024-06-05","duration":5,"availability":50,"virtual":0,"country":"United States","continent":"North America","applications":2,"submissions":2,"description":"<p>An unforgettable visit to the Bahamas historical fun sites with Pastor Olukoya</p>","main_image":"https://media.leisuretimez.com/package/main_images/brochure_2.jpeg","destinations":"Grand Bahama Scuba,Grand Bahama Island-Stuart Cove&amp;amp;amp;amp;amp;amp;amp;amp;amp;amp;amp;amp;amp;amp;#x27;s Aqua Adventures,Nassau-Aura Night Club,Nassau-Pool Games,Nassau","services":"Tourist center reservation-Hotel/Airbnb Booking-Car/Buses Booking-Personal Itinerary-Flight Booking-Personal Shopping-Chauffer reservation-Special African Dishes-Spa-Special Hair Braiding","featured_events":"('(&#x27;(&amp;#x27;(&amp;amp;#x27;(&amp;amp;amp;#x27;(&amp;amp;amp;amp;#x27;(&amp;amp;amp;amp;amp;#x27;music&amp;amp;amp;amp;amp;#x27;,)&amp;amp;amp;amp;#x27;,)&amp;amp;amp;#x27;,)&amp;amp;#x27;,)&amp;#x27;,)&#x27;,)',)","featured_guests":"you","status":"active","created_at":"2024-05-27T23:33:53Z","updated_at":"2024-10-03T18:25:35Z","bookings":[]},{"id":3,"package_images":[],"package_id":"PKG33f6b4","name":"Niagara Fall","category":"exclusive tourism","vat":"10.00","price_option":"fixed","fixed_price":"2500.00","discount_price":null,"max_adult_limit":5,"max_child_limit":3,"date_from":"2024-05-22","date_to":"2024-06-22","duration":30,"availability":50,"virtual":0,"country":"United States","continent":"North America","applications":2,"submissions":0,"description":"<h1><br></h1><p><span style=\"color: rgb(4, 12, 40); background-color: rgb(211, 227, 253);\">If you think the Falls put on a show by day, wait until you see Niagara Falls at night</span><span style=\"color: rgb(71, 71, 71);\">. Niagara Falls' nightly illuminations transform the water wonder into a kaleidoscopic. Niagara Falls is in a public location on Niagara Parks land.&nbsp;</span><span style=\"color: rgb(4, 12, 40); background-color: rgb(211, 227, 253);\">It can be accessed for free 24/7 all year around</span><span style=\"color: rgb(71, 71, 71);\">. The surrounding attractions however need to be paid for. See a full list of free things to do in Niagara Falls here.</span></p>","main_image":"https://media.leisuretimez.com/package/main_images/images.jpeg","destinations":"Chusei Yumegahara,Ogun-Suntan Beach,Lagos-Mr Bigg&amp;amp;amp;#x27;s,Lagos-Sitar,Federal Capital Territory","services":"Tourist center reservation-Hotel/Airbnb Booking-Car/Buses Booking-Chauffer reservation-swimming competition-food competition","featured_events":"music","featured_guests":"","status":"active","created_at":"2024-05-22T21:49:29Z","updated_at":"2024-10-03T01:16:13Z","bookings":[]},{"id":2,"package_images":[{"id":170,"image":"https://media.leisuretimez.com/package/images/25560533.jpg","package":2},{"id":171,"image":"https://media.leisuretimez.com/package/images/25560566.jpg","package":2},{"id":172,"image":"https://media.leisuretimez.com/package/images/25560571.jpg","package":2},{"id":173,"image":"https://media.leisuretimez.com/package/images/25560584.jpg","package":2},{"id":174,"image":"https://media.leisuretimez.com/package/images/25560592.jpg","package":2},{"id":175,"image":"https://media.leisuretimez.com/package/images/25560604.jpg","package":2},{"id":176,"image":"https://media.leisuretimez.com/package/images/25560643.jpg","package":2},{"id":177,"image":"https://media.leisuretimez.com/package/images/25560650.jpg","package":2},{"id":178,"image":"https://media.leisuretimez.com/package/images/25560684.jpg","package":2},{"id":179,"image":"https://media.leisuretimez.com/package/images/25560688_1.jpg","package":2},{"id":180,"image":"https://media.leisuretimez.com/package/images/25560688.jpg","package":2},{"id":181,"image":"https://media.leisuretimez.com/package/images/25560722.jpg","package":2},{"id":182,"image":"https://media.leisuretimez.com/package/images/25560725.jpg","package":2},{"id":183,"image":"https://media.leisuretimez.com/package/images/25560746.jpg","package":2},{"id":184,"image":"https://media.leisuretimez.com/package/images/79379545.jpg","package":2},{"id":185,"image":"https://media.leisuretimez.com/package/images/80423532.jpg","package":2},{"id":186,"image":"https://media.leisuretimez.com/package/images/80560141.jpg","package":2},{"id":187,"image":"https://media.leisuretimez.com/package/images/80560402.jpg","package":2},{"id":188,"image":"https://media.leisuretimez.com/package/images/349280695.jpg","package":2},{"id":189,"image":"https://media.leisuretimez.com/package/images/349292615.jpg","package":2},{"id":190,"image":"https://media.leisuretimez.com/package/images/349292619.jpg","package":2},{"id":191,"image":"https://media.leisuretimez.com/package/images/349292628.jpg","package":2},{"id":192,"image":"https://media.leisuretimez.com/package/images/349293645.jpg","package":2},{"id":193,"image":"https://media.leisuretimez.com/package/images/349293890.jpg","package":2},{"id":194,"image":"https://media.leisuretimez.com/package/images/349296111.jpg","package":2},{"id":195,"image":"https://media.leisuretimez.com/package/images/349296132.jpg","package":2},{"id":196,"image":"https://media.leisuretimez.com/package/images/349296347.jpg","package":2},{"id":197,"image":"https://media.leisuretimez.com/package/images/349307891.jpg","package":2},{"id":198,"image":"https://media.leisuretimez.com/package/images/349308273.jpg","package":2},{"id":199,"image":"https://media.leisuretimez.com/package/images/349329974.jpg","package":2},{"id":200,"image":"https://media.leisuretimez.com/package/images/349332660.jpg","package":2},{"id":201,"image":"https://media.leisuretimez.com/package/images/349333062.jpg","package":2},{"id":202,"image":"https://media.leisuretimez.com/package/images/352334367.jpg","package":2},{"id":203,"image":"https://media.leisuretimez.com/package/images/352334795.jpg","package":2},{"id":204,"image":"https://media.leisuretimez.com/package/images/352334848.jpg","package":2},{"id":205,"image":"https://media.leisuretimez.com/package/images/25560533_4acdxiz.jpg","package":2},{"id":206,"image":"https://media.leisuretimez.com/package/images/25560566_a674457.jpg","package":2},{"id":207,"image":"https://media.leisuretimez.com/package/images/25560571_BS8F9Y5.jpg","package":2},{"id":208,"image":"https://media.leisuretimez.com/package/images/25560584_3jnsEPd.jpg","package":2},{"id":209,"image":"https://media.leisuretimez.com/package/images/25560592_OWsvsMd.jpg","package":2},{"id":210,"image":"https://media.leisuretimez.com/package/images/25560604_ESNlV8A.jpg","package":2},{"id":211,"image":"https://media.leisuretimez.com/package/images/25560643_zGRpkET.jpg","package":2},{"id":212,"image":"https://media.leisuretimez.com/package/images/25560650_CvmS0VW.jpg","package":2},{"id":213,"image":"https://media.leisuretimez.com/package/images/25560684_UM1mHHS.jpg","package":2},{"id":214,"image":"https://media.leisuretimez.com/package/images/25560688_1_gvxfsIZ.jpg","package":2},{"id":215,"image":"https://media.leisuretimez.com/package/images/25560688_ONf9dyK.jpg","package":2},{"id":216,"image":"https://media.leisuretimez.com/package/images/25560722_63ujj4g.jpg","package":2},{"id":217,"image":"https://media.leisuretimez.com/package/images/25560725_vOnIjno.jpg","package":2},{"id":218,"image":"https://media.leisuretimez.com/package/images/25560746_qu0zmTA.jpg","package":2},{"id":219,"image":"https://media.leisuretimez.com/package/images/79379545_Yd4F7pU.jpg","package":2},{"id":220,"image":"https://media.leisuretimez.com/package/images/80423532_rG0FyaF.jpg","package":2},{"id":221,"image":"https://media.leisuretimez.com/package/images/80560141_5wYDFo3.jpg","package":2},{"id":222,"image":"https://media.leisuretimez.com/package/images/80560402_mZl6e6j.jpg","package":2},{"id":223,"image":"https://media.leisuretimez.com/package/images/349280695_JGG6ZlN.jpg","package":2},{"id":224,"image":"https://media.leisuretimez.com/package/images/349292615_OWgO1CT.jpg","package":2},{"id":225,"image":"https://media.leisuretimez.com/package/images/349292619_YGXf7xg.jpg","package":2},{"id":226,"image":"https://media.leisuretimez.com/package/images/349292628_BhCE0Cg.jpg","package":2},{"id":227,"image":"https://media.leisuretimez.com/package/images/349293645_bGihT8R.jpg","package":2},{"id":228,"image":"https://media.leisuretimez.com/package/images/349293890_CwZQ35W.jpg","package":2},{"id":229,"image":"https://media.leisuretimez.com/package/images/349296111_S4KNtxX.jpg","package":2},{"id":230,"image":"https://media.leisuretimez.com/package/images/349296132_E2UIuBO.jpg","package":2},{"id":231,"image":"https://media.leisuretimez.com/package/images/349296347_nbmlNsc.jpg","package":2},{"id":232,"image":"https://media.leisuretimez.com/package/images/349307891_7Gt4bPO.jpg","package":2},{"id":233,"image":"https://media.leisuretimez.com/package/images/349308273_v6hV8dQ.jpg","package":2},{"id":234,"image":"https://media.leisuretimez.com/package/images/349329974_nOVdoTf.jpg","package":2},{"id":235,"image":"https://media.leisuretimez.com/package/images/349332660_wdwCvds.jpg","package":2},{"id":236,"image":"https://media.leisuretimez.com/package/images/349333062_4qarZSE.jpg","package":2},{"id":237,"image":"https://media.leisuretimez.com/package/images/352334367_20pW2OS.jpg","package":2},{"id":238,"image":"https://media.leisuretimez.com/package/images/352334795_1KyLTbJ.jpg","package":2},{"id":239,"image":"https://media.leisuretimez.com/package/images/352334848_ecTo6oV.jpg","package":2},{"id":240,"image":"https://media.leisuretimez.com/package/images/25560533_9L40btU.jpg","package":2},{"id":241,"image":"https://media.leisuretimez.com/package/images/25560566_qk1aitZ.jpg","package":2},{"id":242,"image":"https://media.leisuretimez.com/package/images/25560571_ik9Qyds.jpg","package":2},{"id":243,"image":"https://media.leisuretimez.com/package/images/25560584_8cpA0BK.jpg","package":2},{"id":244,"image":"https://media.leisuretimez.com/package/images/25560592_xtREuWz.jpg","package":2},{"id":245,"image":"https://media.leisuretimez.com/package/images/25560604_gB5BGYj.jpg","package":2},{"id":246,"image":"https://media.leisuretimez.com/package/images/25560643_MBqUbEk.jpg","package":2},{"id":247,"image":"https://media.leisuretimez.com/package/images/25560650_oyNAPPJ.jpg","package":2},{"id":248,"image":"https://media.leisuretimez.com/package/images/25560684_497AlpA.jpg","package":2},{"id":249,"image":"https://media.leisuretimez.com/package/images/25560688_1_sdvEhSf.jpg","package":2},{"id":250,"image":"https://media.leisuretimez.com/package/images/25560688_d7VS9ke.jpg","package":2},{"id":251,"image":"https://media.leisuretimez.com/package/images/25560722_wimLRSr.jpg","package":2},{"id":252,"image":"https://media.leisuretimez.com/package/images/25560725_dqepBRj.jpg","package":2},{"id":253,"image":"https://media.leisuretimez.com/package/images/25560746_1PmCMUE.jpg","package":2},{"id":254,"image":"https://media.leisuretimez.com/package/images/79379545_6RJSjyT.jpg","package":2},{"id":255,"image":"https://media.leisuretimez.com/package/images/80423532_Txs6Cor.jpg","package":2},{"id":256,"image":"https://media.leisuretimez.com/package/images/80560141_aSc3zA8.jpg","package":2},{"id":257,"image":"https://media.leisuretimez.com/package/images/80560402_gOkQSQs.jpg","package":2},{"id":258,"image":"https://media.leisuretimez.com/package/images/349280695_AzaXir7.jpg","package":2},{"id":259,"image":"https://media.leisuretimez.com/package/images/349292615_TJHCgt3.jpg","package":2},{"id":260,"image":"https://media.leisuretimez.com/package/images/349292619_MeMN6to.jpg","package":2},{"id":261,"image":"https://media.leisuretimez.com/package/images/349292628_dDVdltc.jpg","package":2},{"id":262,"image":"https://media.leisuretimez.com/package/images/349293645_BKjKhUw.jpg","package":2},{"id":263,"image":"https://media.leisuretimez.com/package/images/349293890_u2EsxWc.jpg","package":2},{"id":264,"image":"https://media.leisuretimez.com/package/images/349296111_AV3ZmTU.jpg","package":2},{"id":265,"image":"https://media.leisuretimez.com/package/images/349296132_JlO53kT.jpg","package":2},{"id":266,"image":"https://media.leisuretimez.com/package/images/349296347_lYoC4qO.jpg","package":2},{"id":267,"image":"https://media.leisuretimez.com/package/images/349307891_AxBghMk.jpg","package":2},{"id":268,"image":"https://media.leisuretimez.com/package/images/349308273_WA5s9Xg.jpg","package":2},{"id":269,"image":"https://media.leisuretimez.com/package/images/349329974_xOkpiqw.jpg","package":2},{"id":270,"image":"https://media.leisuretimez.com/package/images/349332660_TmXxHCP.jpg","package":2},{"id":271,"image":"https://media.leisuretimez.com/package/images/349333062_o8rr2jY.jpg","package":2},{"id":272,"image":"https://media.leisuretimez.com/package/images/352334367_2EZZg2K.jpg","package":2},{"id":273,"image":"https://media.leisuretimez.com/package/images/352334795_1emSiFp.jpg","package":2},{"id":274,"image":"https://media.leisuretimez.com/package/images/352334848_OKFTG1X.jpg","package":2}],"package_id":"PKGd2d551","name":"Zanzibar Beach Resort, Tanzania","category":"exclusive holiday","vat":"10.00","price_option":"discounted","fixed_price":null,"discount_price":" 2, 0, 1000 -  2, 1, 1800 -  3, 2, 2500 - ","max_adult_limit":null,"max_child_limit":null,"date_from":"2024-05-22","date_to":"2024-06-05","duration":14,"availability":50,"virtual":0,"country":"Tanzania, United Republic of","continent":"Africa","applications":12,"submissions":11,"description":"<h1>Zanzibar Beach Resort, Tanzania</h1><p><br></p><p><span style=\"color: rgb(40, 40, 40);\">Situated in Zanzibar City, 5.1 km from Peace Memorial Museum, Zanzibar Beach Resort features accommodation with an outdoor swimming pool, free private parking, a garden and a shared lounge. With free WiFi, this 3-star resort offers room service and a 24-hour front desk. Guests can enjoy African and Indian dishes at the restaurant or have a cocktail at the bar.</span></p><p><br></p><p><span style=\"color: rgb(40, 40, 40);\">At the resort the rooms come with air conditioning, a seating area, a flat-screen TV with satellite channels, a safety deposit box and a private bathroom with a shower, free toiletries and a hairdryer. Zanzibar Beach Resort offers some units with sea views, and all rooms are fitted with a balcony. At the accommodation each room is fitted with bed linen and towels. Zanzibar Beach Resort offers a children's playground. The area is popular for cycling, and bike hire is available at the resort.</span></p><p><br></p><p><span style=\"color: rgb(40, 40, 40);\">There is also a business centre and a babysitting service on site. Hamamni Persian Baths is 6 km from Zanzibar Beach Resort, while St Joseph's Roman Catholic Cathedral is 6.2 km from the property. The nearest airport is Abeid Amani Karume International, 2 km from the accommodation, and the property offers a paid airport shuttle service.</span></p><p><span style=\"color: rgb(40, 40, 40);\">Distance in property description is calculated using © OpenStreetMap</span></p><p><br></p><p><br></p>","main_image":"https://media.leisuretimez.com/package/main_images/25560604_Mpvscya.jpg","destinations":"Zanzibar Beach Resort-Tanzania","services":"Tourist center reservation-Hotel/Airbnb Booking-Flight Booking-Chauffer reservation-Personal Shopping-Car/Buses Booking","featured_events":"('music',)","featured_guests":"you","status":"active","created_at":"2024-05-22T21:44:31Z","updated_at":"2025-01-23T10:25:06Z","bookings":[]}],"destinations":[{"id":2,"destination_images":[{"id":5,"image":"https://media.leisuretimez.com/destination/images/activities.jpg","destination":2},{"id":6,"image":"https://media.leisuretimez.com/destination/images/activities2.jpg","destination":2},{"id":7,"image":"https://media.leisuretimez.com/destination/images/activities3.jpg","destination":2},{"id":8,"image":"https://media.leisuretimez.com/destination/images/activities4.jpg","destination":2},{"id":9,"image":"https://media.leisuretimez.com/destination/images/activities5.jpg","destination":2},{"id":10,"image":"https://media.leisuretimez.com/destination/images/activities6.jpg","destination":2},{"id":11,"image":"https://media.leisuretimez.com/destination/images/activities7.jpg","destination":2},{"id":12,"image":"https://media.leisuretimez.com/destination/images/activities8.jpg","destination":2},{"id":13,"image":"https://media.leisuretimez.com/destination/images/activities9.jpg","destination":2},{"id":14,"image":"https://media.leisuretimez.com/destination/images/attractions.jpg","destination":2},{"id":15,"image":"https://media.leisuretimez.com/destination/images/rooms.jpeg","destination":2},{"id":16,"image":"https://media.leisuretimez.com/destination/images/rooms2.jpeg","destination":2}],"name":"Atlantis Paradise Island","country":"Bahamas","continent":"North America","trips":0,"description":"<p><span style=\"color: rgb(34, 34, 34);\">\"Atlantis Bahamas is a lush, oceanside resort located on Paradise Island in The Bahamas. The resort features five distinct hotels: the iconic The Royal, the laid-back The Beach, the multigenerational The Coral, the ultraluxury The Cove and the residential-style The Reef. Atlantis Bahamas showcases the world’s largest open-air marine habitat including Dolphin Cay dedicated to conservation, rehabilitation and education. Guest can also enjoy 141-acres of non-stop fun at Aquaventure water park, try their luck at the Atlantis Casino or enjoy various cuisines at local or celebrity chef restaurants. Experience stunning ocean views at the 18-hole par 72 championship Ocean Club Golf Course or get pampered at the Mandara Spa.\"</span></p>","main_image":"https://media.leisuretimez.com/destination/main_images/maxresdefault.jpg","locations":"","services":"Aquaventure water park-Atlantis Casino-celebrity chef restaurants-ocean views at the 18-hole par 72 championship Ocean Club Golf Course-the Mandara Spa","features":"mountains","languages":"english","status":"active","created_at":"2024-06-21T17:28:51Z","updated_at":"2024-07-24T01:35:14Z"},{"id":3,"destination_images":[{"id":17,"image":"https://media.leisuretimez.com/destination/images/activities_ZViOYjL.jpg","destination":3},{"id":18,"image":"https://media.leisuretimez.com/destination/images/activities2.webp","destination":3},{"id":19,"image":"https://media.leisuretimez.com/destination/images/activities3.jpeg","destination":3},{"id":20,"image":"https://media.leisuretimez.com/destination/images/activities3_4hOGBAt.jpg","destination":3},{"id":21,"image":"https://media.leisuretimez.com/destination/images/front_view.jpg","destination":3},{"id":22,"image":"https://media.leisuretimez.com/destination/images/universal-for-kids-.jpg","destination":3}],"name":"Universe Orlando Resorts","country":"United States","continent":"North America","trips":0,"description":"<p><span style=\"color: rgb(33, 37, 41);\">&nbsp;Universal Orlando Resort doesn’t stop short when it comes to hosting spectacular events. There’s always something special for any park-goer, ranging from a Universal concert schedule to a Universal Harry Potter celebration schedule, and much more in between. So, if you want to see the ultimate&nbsp;</span><strong style=\"color: rgb(33, 37, 41);\">2024 Universal Studios calendar</strong><span style=\"color: rgb(33, 37, 41);\">&nbsp;for the year, we’ve got you covered.</span></p>","main_image":"https://media.leisuretimez.com/destination/main_images/front_view.jpg","locations":"","services":"Rock The Universe-Mardi Gras-Halloween Horror Nights-Christmas at The Wizarding World of Harry Potter-Grinchmas","features":"mountains","languages":"english","status":"active","created_at":"2024-06-21T19:31:52Z","updated_at":"2024-06-21T19:31:52Z"},{"id":4,"destination_images":[{"id":23,"image":"https://media.leisuretimez.com/destination/images/1.jpg","destination":4},{"id":24,"image":"https://media.leisuretimez.com/destination/images/2.jpg","destination":4},{"id":25,"image":"https://media.leisuretimez.com/destination/images/3.jpg","destination":4},{"id":26,"image":"https://media.leisuretimez.com/destination/images/4.jpg","destination":4},{"id":27,"image":"https://media.leisuretimez.com/destination/images/5.jpg","destination":4},{"id":28,"image":"https://media.leisuretimez.com/destination/images/6.jpg","destination":4},{"id":29,"image":"https://media.leisuretimez.com/destination/images/7.jpg","destination":4},{"id":30,"image":"https://media.leisuretimez.com/destination/images/8.jpg","destination":4},{"id":31,"image":"https://media.leisuretimez.com/destination/images/9.jpg","destination":4},{"id":32,"image":"https://media.leisuretimez.com/destination/images/10.jpg","destination":4},{"id":33,"image":"https://media.leisuretimez.com/destination/images/11.jpg","destination":4},{"id":34,"image":"https://media.leisuretimez.com/destination/images/12.jpg","destination":4},{"id":35,"image":"https://media.leisuretimez.com/destination/images/13.jpg","destination":4},{"id":36,"image":"https://media.leisuretimez.com/destination/images/14.jpg","destination":4}],"name":"Little Palm Island Resort and Spa","country":"United States","continent":"North America","trips":0,"description":"<p><span style=\"color: rgb(66, 73, 73);\">Located off the fabled Florida Keys coastline, on a lush, private island dotted with crushed seashell paths amid verdant tropical foliage and exotic wildlife, rests Little Palm Island Resort &amp; Spa – a destination like no other, a place where the sea dazzles and the beach beckons. A place so remote you can only reach it by sea-plane or boat. Paradise exists. Little Palm Island awaits.</span></p>","main_image":"https://media.leisuretimez.com/destination/main_images/Thum_Nail_2.jpg","locations":"1. Key West-2. The Hemingway Home and Museum-3. Seven Mile Bridge","services":"Tourist center reservation","features":"mountains","languages":"english","status":"active","created_at":"2024-06-24T12:18:15Z","updated_at":"2024-06-24T12:18:15Z"},{"id":5,"destination_images":[{"id":37,"image":"https://media.leisuretimez.com/destination/images/9.avif","destination":5},{"id":38,"image":"https://media.leisuretimez.com/destination/images/1.webp","destination":5},{"id":39,"image":"https://media.leisuretimez.com/destination/images/2_F6ZANbq.jpg","destination":5},{"id":40,"image":"https://media.leisuretimez.com/destination/images/3.avif","destination":5},{"id":41,"image":"https://media.leisuretimez.com/destination/images/5.avif","destination":5},{"id":42,"image":"https://media.leisuretimez.com/destination/images/6_9GyI4Tl.jpg","destination":5},{"id":43,"image":"https://media.leisuretimez.com/destination/images/8.webp","destination":5}],"name":"Islamorada Florida","country":"United States","continent":"North America","trips":0,"description":"<p><span style=\"color: rgb(34, 34, 34);\">Islamorada is a tourism-oriented community an hour south of Miami consisting of four islands spanning 18 linear miles with a land area of approximately 3,900 acres. Known as the Sport Fishing Capital of the World, Islamorada is a popular vacation destination enjoyed for its up-scale small-town atmosphere, scenic bay, and ocean views, sunshine, boating, fishing, locally owned restaurants, quaint shops, and galleries.</span></p>","main_image":"https://media.leisuretimez.com/destination/main_images/498130-islamorada.webp","locations":"","services":"Tourist center reservation-Vacation Destination","features":"mountains","languages":"english","status":"active","created_at":"2024-06-26T01:25:22Z","updated_at":"2024-06-26T01:25:22Z"},{"id":6,"destination_images":[{"id":44,"image":"https://media.leisuretimez.com/destination/images/1_LCygmCl.jpg","destination":6},{"id":45,"image":"https://media.leisuretimez.com/destination/images/2_6mjsukc.jpg","destination":6},{"id":46,"image":"https://media.leisuretimez.com/destination/images/3_mZPbAxH.jpg","destination":6},{"id":47,"image":"https://media.leisuretimez.com/destination/images/4_u1ldh0q.jpg","destination":6},{"id":48,"image":"https://media.leisuretimez.com/destination/images/5_QgB7CBA.jpg","destination":6},{"id":49,"image":"https://media.leisuretimez.com/destination/images/6_Bc0awpa.jpg","destination":6},{"id":50,"image":"https://media.leisuretimez.com/destination/images/7_Lwx3WZV.jpg","destination":6}],"name":"Niagara Fall","country":"United States","continent":"North America","trips":0,"description":"<p><span style=\"color: rgb(28, 43, 57);\">A trip to Niagara Falls USA is about water, water and more water but there is so much more to see and do when you visit Niagara Falls and the surrounding region. You will want to stay for days and  learn more about all the great attractions, hiking trails, restaurants, wineries, shopping, hotels and all that it has to offer.</span></p>","main_image":"https://media.leisuretimez.com/destination/main_images/niagarafalls-maid-of-the-mist-2021-desktop.jpg","locations":"Rainbow Air-Seneca Niagara Resort & Casino-The Niagara Power Vista-Live On Air Falls View Balloon Ride-Rainforest Cafe-Castellani Art Museum of Niagara University","services":"Personal Itinerary-Personal Shopping-Restaurant-Hiking-Helicopter Tour-Boat Cruise","features":"mountains","languages":"english","status":"active","created_at":"2024-06-26T02:03:46Z","updated_at":"2024-06-26T02:03:46Z"},{"id":7,"destination_images":[{"id":51,"image":"https://media.leisuretimez.com/destination/images/event_space.jpg","destination":7},{"id":52,"image":"https://media.leisuretimez.com/destination/images/Fun.webp","destination":7},{"id":53,"image":"https://media.leisuretimez.com/destination/images/Fun1.jpg","destination":7},{"id":54,"image":"https://media.leisuretimez.com/destination/images/Fun2.jpg","destination":7},{"id":55,"image":"https://media.leisuretimez.com/destination/images/Fun3.jpg","destination":7},{"id":56,"image":"https://media.leisuretimez.com/destination/images/Fun4.jpeg","destination":7},{"id":57,"image":"https://media.leisuretimez.com/destination/images/Fun5.jpeg","destination":7},{"id":58,"image":"https://media.leisuretimez.com/destination/images/Fun6.jpg","destination":7},{"id":59,"image":"https://media.leisuretimez.com/destination/images/Fun7.jpg","destination":7},{"id":60,"image":"https://media.leisuretimez.com/destination/images/Fun8.jpg","destination":7},{"id":61,"image":"https://media.leisuretimez.com/destination/images/Fun9.jpeg","destination":7},{"id":62,"image":"https://media.leisuretimez.com/destination/images/Fun10.jpg","destination":7},{"id":63,"image":"https://media.leisuretimez.com/destination/images/Fun11.jpeg","destination":7},{"id":64,"image":"https://media.leisuretimez.com/destination/images/Fun13.jpg","destination":7},{"id":65,"image":"https://media.leisuretimez.com/destination/images/Fun14.jpg","destination":7},{"id":66,"image":"https://media.leisuretimez.com/destination/images/fun16.png","destination":7},{"id":67,"image":"https://media.leisuretimez.com/destination/images/fun17.png","destination":7},{"id":68,"image":"https://media.leisuretimez.com/destination/images/event_space_r671Gle.jpg","destination":7},{"id":69,"image":"https://media.leisuretimez.com/destination/images/Fun_9RmRJAZ.webp","destination":7},{"id":70,"image":"https://media.leisuretimez.com/destination/images/Fun1_jFa7W3f.jpg","destination":7},{"id":71,"image":"https://media.leisuretimez.com/destination/images/Fun2_4TLQHrD.jpg","destination":7},{"id":72,"image":"https://media.leisuretimez.com/destination/images/Fun3_bbqxNUz.jpg","destination":7},{"id":73,"image":"https://media.leisuretimez.com/destination/images/Fun4_hHcMSQV.jpeg","destination":7},{"id":74,"image":"https://media.leisuretimez.com/destination/images/Fun5_hIlqdRC.jpeg","destination":7},{"id":75,"image":"https://media.leisuretimez.com/destination/images/Fun6_15PSfvr.jpg","destination":7},{"id":76,"image":"https://media.leisuretimez.com/destination/images/Fun7_FpRvbXI.jpg","destination":7},{"id":77,"image":"https://media.leisuretimez.com/destination/images/Fun8_oiCpFqe.jpg","destination":7},{"id":78,"image":"https://media.leisuretimez.com/destination/images/Fun9_Jgr3TFW.jpeg","destination":7},{"id":79,"image":"https://media.leisuretimez.com/destination/images/Fun10_akVdq74.jpg","destination":7},{"id":80,"image":"https://media.leisuretimez.com/destination/images/Fun11_JWSG5zq.jpeg","destination":7},{"id":81,"image":"https://media.leisuretimez.com/destination/images/Fun13_u7e0YXB.jpg","destination":7},{"id":82,"image":"https://media.leisuretimez.com/destination/images/Fun14_YOSY8FD.jpg","destination":7},{"id":83,"image":"https://media.leisuretimez.com/destination/images/fun16_T6EbDNz.png","destination":7},{"id":84,"image":"https://media.leisuretimez.com/destination/images/fun17_hUsIx23.png","destination":7}],"name":"Margaritaville Lake Resort ","country":"United States","continent":"North America","trips":0,"description":"<p><span style=\"color: rgb(36, 36, 36);\">You and your loved ones will have an unforgettable adventure at Margaritaville Lake Resort!&nbsp;\"</span><em style=\"color: rgb(36, 36, 36);\">Gather your family, put on your flip-flops, and head to a family-friendly getaway you will never forget. With the</em><span style=\"color: rgb(36, 36, 36);\">&nbsp;shores of&nbsp;</span><em style=\"color: rgb(36, 36, 36);\">Lake Conroe as its backdrop, this resort offers an island vibe inspired by Jimmy Buffett in the heart of Texas. It’s a drivable escape for Texans to venture to paradise that’s close to the Houston area. This hidden gem is a perfect family destination to consider for Spring or Summer breaks\" according to the website of enormous company.</em></p>","main_image":"https://media.leisuretimez.com/destination/main_images/Margaritalville_Resort_houston..jpg","locations":"Margaritaville Lake Resort Lake Conroe","services":"MARGARITAVILLE LAKE RESORT DINING-LANDSHARK BAR & GRILL-LICENSE TO CHILL-JOLLY MON WATERPARK-The Lone Palm Pool Bar-5 o’Clock Somewhere Bar-ST. SOMEWHERE SPA-18-hole golf course-Mini golf, pickleball, and tennis courts-Einstein’s Party Barge Cruise","features":"mountains","languages":"english","status":"active","created_at":"2024-06-27T22:05:38Z","updated_at":"2024-06-27T22:05:38Z"},{"id":8,"destination_images":[{"id":85,"image":"https://media.leisuretimez.com/destination/images/1_1CPVMxb.jpg","destination":8},{"id":86,"image":"https://media.leisuretimez.com/destination/images/2_PwTnGY6.jpg","destination":8},{"id":87,"image":"https://media.leisuretimez.com/destination/images/3_91zfyPu.jpg","destination":8},{"id":88,"image":"https://media.leisuretimez.com/destination/images/4_Bs3qMEM.jpg","destination":8},{"id":89,"image":"https://media.leisuretimez.com/destination/images/5_gSLM1Rt.jpg","destination":8},{"id":90,"image":"https://media.leisuretimez.com/destination/images/6_ypxvz3M.jpg","destination":8},{"id":91,"image":"https://media.leisuretimez.com/destination/images/7_Xt5Ctry.jpg","destination":8},{"id":92,"image":"https://media.leisuretimez.com/destination/images/8_CJhTNzQ.jpg","destination":8},{"id":93,"image":"https://media.leisuretimez.com/destination/images/9_ghTRAI7.jpg","destination":8},{"id":94,"image":"https://media.leisuretimez.com/destination/images/a.jpg","destination":8},{"id":95,"image":"https://media.leisuretimez.com/destination/images/b.jpg","destination":8},{"id":96,"image":"https://media.leisuretimez.com/destination/images/c.jpg","destination":8},{"id":97,"image":"https://media.leisuretimez.com/destination/images/d.jpg","destination":8},{"id":98,"image":"https://media.leisuretimez.com/destination/images/e.jpg","destination":8},{"id":99,"image":"https://media.leisuretimez.com/destination/images/f.jpg","destination":8},{"id":100,"image":"https://media.leisuretimez.com/destination/images/g.jpg","destination":8}],"name":"North Topsail Beach","country":"United States","continent":"North America","trips":0,"description":"<p><span style=\"color: rgb(0, 0, 0);\">North Topsail Beach is the perfect place to get away. The town’s motto - Nature’s Tranquil Beauty – says it all. From breathtaking sunrises to spectacular sunsets, from beautiful sandy beaches to maritime forests, North Topsail Beach truly is an island paradise. If you want to step back from the crowds, there’s plenty to do in North Topsail Beach. Along the shore you can stroll, sunbathe, swim, search for shells and ancient sharks’ teeth, go surfing and enjoy a plethora of watersports.</span></p>","main_image":"https://media.leisuretimez.com/destination/main_images/486642681.jpg","locations":"North Topsail Beach-Soundside Park-Tidal Pond","services":"Hotel-Tourist center reservation-Personal Itinerary-Beachh Tour","features":"mountains","languages":"english","status":"active","created_at":"2024-06-28T21:20:59Z","updated_at":"2024-06-28T21:20:59Z"},{"id":9,"destination_images":[{"id":101,"image":"https://media.leisuretimez.com/destination/images/1_j6GTPoC.jpg","destination":9},{"id":102,"image":"https://media.leisuretimez.com/destination/images/2_9SgCUAz.jpg","destination":9},{"id":103,"image":"https://media.leisuretimez.com/destination/images/3_tUEvJGC.jpg","destination":9},{"id":104,"image":"https://media.leisuretimez.com/destination/images/4_E9GrEAZ.jpg","destination":9},{"id":105,"image":"https://media.leisuretimez.com/destination/images/5_7J06CVC.jpg","destination":9},{"id":106,"image":"https://media.leisuretimez.com/destination/images/6_G0INA8D.jpg","destination":9},{"id":107,"image":"https://media.leisuretimez.com/destination/images/7_Os7lHDn.jpg","destination":9},{"id":108,"image":"https://media.leisuretimez.com/destination/images/8_hISicZz.jpg","destination":9},{"id":109,"image":"https://media.leisuretimez.com/destination/images/9_J8UHcpV.jpg","destination":9},{"id":110,"image":"https://media.leisuretimez.com/destination/images/a_cbrqUn8.jpg","destination":9},{"id":111,"image":"https://media.leisuretimez.com/destination/images/b_pr4eSts.jpg","destination":9},{"id":112,"image":"https://media.leisuretimez.com/destination/images/c_pdCgVtY.jpg","destination":9},{"id":113,"image":"https://media.leisuretimez.com/destination/images/d_9lwKHnZ.jpg","destination":9}],"name":"Ocean View Resort Campground","country":"United States","continent":"North America","trips":0,"description":"<p><span style=\"color: rgb(53, 73, 98); background-color: rgb(237, 237, 237);\">Located midway between Atlantic City and Cape May, Ocean View Resort is only three miles from the finest and safest beaches on the Atlantic Shore. </span><span style=\"color: rgb(83, 87, 90);\">Ocean View Resort Campground invites you to experience the finest in family camping at New Jersey's largest privately owned campground. </span><span style=\"color: rgb(53, 73, 98); background-color: rgb(237, 237, 237);\">Here on 180 wooded acres, you will love our spacious, shaded campsites and modern camping conveniences</span></p>","main_image":"https://media.leisuretimez.com/destination/main_images/ocean-view-resort-campground.jpg","locations":"The Cape May Zoo-The Cape May Point Lighthouse-Atlantic City's dazzling shows and exciting casinos","services":"Tourist center reservation","features":"mountains","languages":"english","status":"active","created_at":"2024-06-28T22:28:37Z","updated_at":"2024-06-28T22:28:37Z"},{"id":10,"destination_images":[{"id":114,"image":"https://media.leisuretimez.com/destination/images/2_xSyEDyB.jpg","destination":10},{"id":115,"image":"https://media.leisuretimez.com/destination/images/3_d9ik8EF.jpg","destination":10},{"id":116,"image":"https://media.leisuretimez.com/destination/images/4_UQIDEl1.jpg","destination":10},{"id":117,"image":"https://media.leisuretimez.com/destination/images/5_r60D3pu.jpg","destination":10},{"id":118,"image":"https://media.leisuretimez.com/destination/images/6_YwzwPkC.jpg","destination":10},{"id":119,"image":"https://media.leisuretimez.com/destination/images/7_XfuMHzp.jpg","destination":10},{"id":120,"image":"https://media.leisuretimez.com/destination/images/8_WvQK7WW.jpg","destination":10},{"id":121,"image":"https://media.leisuretimez.com/destination/images/9_DsIWqAQ.jpg","destination":10},{"id":122,"image":"https://media.leisuretimez.com/destination/images/10_FV9xF7O.jpg","destination":10},{"id":123,"image":"https://media.leisuretimez.com/destination/images/11_7FoFBgj.jpg","destination":10},{"id":124,"image":"https://media.leisuretimez.com/destination/images/12_oMnC6Cv.jpg","destination":10},{"id":125,"image":"https://media.leisuretimez.com/destination/images/13_UCmTyXM.jpg","destination":10},{"id":126,"image":"https://media.leisuretimez.com/destination/images/1_nQstkJR.jpg","destination":10},{"id":127,"image":"https://media.leisuretimez.com/destination/images/1_cjGMEnM.jpg","destination":10},{"id":128,"image":"https://media.leisuretimez.com/destination/images/2_MfLSnA2.jpg","destination":10},{"id":129,"image":"https://media.leisuretimez.com/destination/images/3_h2zCQpT.jpg","destination":10},{"id":130,"image":"https://media.leisuretimez.com/destination/images/4_tYXfdKe.jpg","destination":10},{"id":131,"image":"https://media.leisuretimez.com/destination/images/5_gLvUtDP.jpg","destination":10},{"id":132,"image":"https://media.leisuretimez.com/destination/images/6_JzWrv6F.jpg","destination":10},{"id":133,"image":"https://media.leisuretimez.com/destination/images/7_0BI8NFe.jpg","destination":10},{"id":134,"image":"https://media.leisuretimez.com/destination/images/8_j8Ln54G.jpg","destination":10},{"id":135,"image":"https://media.leisuretimez.com/destination/images/9_zThLCql.jpg","destination":10},{"id":136,"image":"https://media.leisuretimez.com/destination/images/10_q5USLTb.jpg","destination":10},{"id":137,"image":"https://media.leisuretimez.com/destination/images/11_orEUpE8.jpg","destination":10},{"id":138,"image":"https://media.leisuretimez.com/destination/images/12_3rWNlRV.jpg","destination":10},{"id":139,"image":"https://media.leisuretimez.com/destination/images/13_ftDw57V.jpg","destination":10}],"name":"Stonewall Resort, West Virginia","country":"United States","continent":"North America","trips":0,"description":"<p><span style=\"color: rgb(51, 51, 51);\">Stonewall Resort combines the pristine lake surroundings with all the comforts of home. In the midst of lush, rolling hills and tranquil lake waters, the beautiful Adirondack-style lodge offers a refreshing perspective, state-of-the-art conference facilities and a luxury resort experience. From the resort's own Mountain Laurel Spa, 374-slip boat marina and award-winning Arnold Palmer Signature Golf Course, you can enjoy a wide range of recreational activities.</span></p>","main_image":"https://media.leisuretimez.com/destination/main_images/stonewall-resort.jpg","locations":"","services":"Vacation Resort Centre-Bar-Boating-Cycling-swimming-Restaurant-Sport-Site Seeing","features":"","languages":"English","status":"active","created_at":"2024-07-19T01:05:08Z","updated_at":"2024-07-19T01:11:54Z"},{"id":11,"destination_images":[{"id":140,"image":"https://media.leisuretimez.com/destination/images/14_0gUCk2z.jpg","destination":11},{"id":141,"image":"https://media.leisuretimez.com/destination/images/15.jpg","destination":11},{"id":142,"image":"https://media.leisuretimez.com/destination/images/16.jpg","destination":11},{"id":143,"image":"https://media.leisuretimez.com/destination/images/17.jpg","destination":11},{"id":144,"image":"https://media.leisuretimez.com/destination/images/18.jpg","destination":11},{"id":145,"image":"https://media.leisuretimez.com/destination/images/19.jpg","destination":11},{"id":146,"image":"https://media.leisuretimez.com/destination/images/20.jpg","destination":11},{"id":147,"image":"https://media.leisuretimez.com/destination/images/21.jpg","destination":11},{"id":148,"image":"https://media.leisuretimez.com/destination/images/22.jpg","destination":11},{"id":149,"image":"https://media.leisuretimez.com/destination/images/1_Aa7Hioz.jpg","destination":11},{"id":150,"image":"https://media.leisuretimez.com/destination/images/2_ptxzDTz.jpg","destination":11},{"id":151,"image":"https://media.leisuretimez.com/destination/images/3_YEOSA3F.jpg","destination":11},{"id":152,"image":"https://media.leisuretimez.com/destination/images/4_r5nGtvr.jpg","destination":11},{"id":153,"image":"https://media.leisuretimez.com/destination/images/5_MXCOzUs.jpg","destination":11},{"id":154,"image":"https://media.leisuretimez.com/destination/images/6_BMOuYVY.jpg","destination":11},{"id":155,"image":"https://media.leisuretimez.com/destination/images/7_Hbk1vke.jpg","destination":11},{"id":156,"image":"https://media.leisuretimez.com/destination/images/8_lwIBPev.jpg","destination":11},{"id":157,"image":"https://media.leisuretimez.com/destination/images/9_c5nAcGh.jpg","destination":11},{"id":158,"image":"https://media.leisuretimez.com/destination/images/10_n4zNype.jpg","destination":11},{"id":159,"image":"https://media.leisuretimez.com/destination/images/11_EGz2d4i.jpg","destination":11},{"id":160,"image":"https://media.leisuretimez.com/destination/images/12_ZKPhikM.jpg","destination":11},{"id":161,"image":"https://media.leisuretimez.com/destination/images/13_AtNrRH4.jpg","destination":11}],"name":"Woodloch Resort, Pennsylvania   ","country":"United States","continent":"North America","trips":0,"description":"<p><span style=\"color: rgb(51, 51, 51);\">This exceptional four-season Poconos family resort nestled in a pristine mountain lake vacation setting is regarded as one of America's \"Best Inclusive Family Resorts\". Woodloch is a private own and managed facility. Its traditional warm hospitality has been nurturing and embracing the spirit of spending quality time with friends and family for nearly sixty years.</span></p>","main_image":"https://media.leisuretimez.com/destination/main_images/6.jpg","locations":"","services":"Vacation Resort","features":"Sporting,Boating,Site Seeing,Gym and Spa,Lodging","languages":"English","status":"active","created_at":"2024-07-19T01:36:50Z","updated_at":"2024-07-19T01:44:41Z"},{"id":12,"destination_images":[{"id":164,"image":"https://media.leisuretimez.com/destination/images/1_bMuxmEI.jpg","destination":12},{"id":165,"image":"https://media.leisuretimez.com/destination/images/2_DAWXy3R.jpg","destination":12},{"id":166,"image":"https://media.leisuretimez.com/destination/images/3_EglnmSp.jpg","destination":12},{"id":167,"image":"https://media.leisuretimez.com/destination/images/4_AHrbrOP.jpg","destination":12},{"id":168,"image":"https://media.leisuretimez.com/destination/images/5_P8CIwfN.jpg","destination":12},{"id":169,"image":"https://media.leisuretimez.com/destination/images/6_BF31jU3.jpg","destination":12},{"id":170,"image":"https://media.leisuretimez.com/destination/images/7_CaD8E1I.jpg","destination":12},{"id":171,"image":"https://media.leisuretimez.com/destination/images/8_1t892rb.jpg","destination":12},{"id":172,"image":"https://media.leisuretimez.com/destination/images/9_dTyggBi.jpg","destination":12},{"id":173,"image":"https://media.leisuretimez.com/destination/images/10_jg7DI0b.jpg","destination":12},{"id":174,"image":"https://media.leisuretimez.com/destination/images/11_0OrAEUs.jpg","destination":12},{"id":175,"image":"https://media.leisuretimez.com/destination/images/12_izhcNdc.jpg","destination":12},{"id":176,"image":"https://media.leisuretimez.com/destination/images/14_zkfMuCe.jpg","destination":12},{"id":177,"image":"https://media.leisuretimez.com/destination/images/15_2KGdCkS.jpg","destination":12},{"id":178,"image":"https://media.leisuretimez.com/destination/images/18_BDsVIDX.jpg","destination":12},{"id":179,"image":"https://media.leisuretimez.com/destination/images/19_L0Wo1pe.jpg","destination":12},{"id":180,"image":"https://media.leisuretimez.com/destination/images/20_0IJYLV7.jpg","destination":12},{"id":181,"image":"https://media.leisuretimez.com/destination/images/21_fgaO3aB.jpg","destination":12},{"id":182,"image":"https://media.leisuretimez.com/destination/images/22_jj0OXFP.jpg","destination":12},{"id":183,"image":"https://media.leisuretimez.com/destination/images/24.jpg","destination":12}],"name":"Fort Lauderdale Marriott Harbor Beach Resort & Spa","country":"United States","continent":"North America","trips":0,"description":"<p><span style=\"color: rgb(28, 28, 28);\">The Fort Lauderdale Marriott Harbor Beach Resort &amp; Spa encompasses 16 acres of beachfront property in the exclusive Harbor Beach community and features more amenities than any other hotel in the area. As the closest beach resort to Fort Lauderdale International airport, we invite you to have your \"toes in the sand\" within minutes of deplaning. With an unmatched collection of culinary experiences, and an expansive variety of programming and activities, South Florida's largest private beach beckons you to its sparkling shores.</span></p>","main_image":"https://media.leisuretimez.com/destination/main_images/fort-lauderdale-marriott.jpg","locations":"Fort Lauderdale-Hollywood Internation Airport-G&amp;B Oyster Bar-International Swimming Hall of Fame","services":"Outdoor Pool-Spa-Fitness Centre-Bar/Lounge-Children Activity-Lodging-Boating","features":"","languages":"","status":"active","created_at":"2024-07-25T00:01:45Z","updated_at":"2024-07-25T00:02:13Z"},{"id":13,"destination_images":[{"id":184,"image":"https://media.leisuretimez.com/destination/images/1_vLNJ7ET.jpg","destination":13},{"id":185,"image":"https://media.leisuretimez.com/destination/images/2_Wh54g6s.jpg","destination":13},{"id":186,"image":"https://media.leisuretimez.com/destination/images/3_yOmaHJb.jpg","destination":13},{"id":187,"image":"https://media.leisuretimez.com/destination/images/4_ZDy2Dnw.jpg","destination":13},{"id":188,"image":"https://media.leisuretimez.com/destination/images/5_IcGPmxZ.jpg","destination":13},{"id":189,"image":"https://media.leisuretimez.com/destination/images/6_iMCve0F.jpg","destination":13},{"id":190,"image":"https://media.leisuretimez.com/destination/images/8_bX4OaVU.jpg","destination":13},{"id":191,"image":"https://media.leisuretimez.com/destination/images/9_yzcBVQE.jpg","destination":13},{"id":192,"image":"https://media.leisuretimez.com/destination/images/10_SQ3JfWe.jpg","destination":13},{"id":193,"image":"https://media.leisuretimez.com/destination/images/11_pb9YG5e.jpg","destination":13},{"id":194,"image":"https://media.leisuretimez.com/destination/images/12_0WicMmr.jpg","destination":13},{"id":195,"image":"https://media.leisuretimez.com/destination/images/13_iCG0Mhk.jpg","destination":13},{"id":196,"image":"https://media.leisuretimez.com/destination/images/14_jeN3Qlm.jpg","destination":13},{"id":197,"image":"https://media.leisuretimez.com/destination/images/15_zrsp1bY.jpg","destination":13},{"id":198,"image":"https://media.leisuretimez.com/destination/images/16_SXKvYRb.jpg","destination":13},{"id":199,"image":"https://media.leisuretimez.com/destination/images/17_qHdSAfw.jpg","destination":13},{"id":200,"image":"https://media.leisuretimez.com/destination/images/18_mKLSazj.jpg","destination":13},{"id":201,"image":"https://media.leisuretimez.com/destination/images/19_AjQBMCq.jpg","destination":13},{"id":202,"image":"https://media.leisuretimez.com/destination/images/20_hLwfBf1.jpg","destination":13},{"id":203,"image":"https://media.leisuretimez.com/destination/images/21_dl85rER.jpg","destination":13},{"id":204,"image":"https://media.leisuretimez.com/destination/images/22_mFIOSRD.jpg","destination":13},{"id":205,"image":"https://media.leisuretimez.com/destination/images/23.jpg","destination":13},{"id":206,"image":"https://media.leisuretimez.com/destination/images/24_mZs6TqG.jpg","destination":13},{"id":207,"image":"https://media.leisuretimez.com/destination/images/25.jpg","destination":13}],"name":"Kalahari Resorts & Conventions - Poconos","country":"United States","continent":"North America","trips":0,"description":"<p><span style=\"color: rgb(51, 51, 51);\">African-themed Kalahari Resort and Conventions! Home to the East Coasts largest indoor waterpark at 200,000 sq. ft. and massive family entertainment center, Kalahari offers an unprecedented array of fun for the whole family! Kalahari also features nearly 1000 guestrooms and suites, the full-service Spa Kalahari and Salon, a fully-equipped fitness center, on-site restaurants and sweet treats, unique retail shops, and a 215,000 square feet of flexible meeting space at your disposal.</span></p>","main_image":"https://media.leisuretimez.com/destination/main_images/entrance-v18461270.jpg","locations":"The Frogtown Chophouse-Camelback Mountain Adventures-Big Pocono State Park","services":"Pool-Mini Golf-Fitness centre-Lounge-Children activities-Restaurant and Bar-Shopping","features":"","languages":"English","status":"active","created_at":"2024-07-25T00:46:18Z","updated_at":"2024-07-25T00:46:18Z"},{"id":14,"destination_images":[{"id":208,"image":"https://media.leisuretimez.com/destination/images/1_GypYzuh.jpg","destination":14},{"id":209,"image":"https://media.leisuretimez.com/destination/images/2_rXlgHHi.jpg","destination":14},{"id":210,"image":"https://media.leisuretimez.com/destination/images/3_V5TCYIv.jpg","destination":14},{"id":211,"image":"https://media.leisuretimez.com/destination/images/4_K38ENzA.jpg","destination":14},{"id":212,"image":"https://media.leisuretimez.com/destination/images/5_pDHhKKZ.jpg","destination":14},{"id":213,"image":"https://media.leisuretimez.com/destination/images/6_MrbTQtg.jpg","destination":14},{"id":214,"image":"https://media.leisuretimez.com/destination/images/7_1EBDxCt.jpg","destination":14},{"id":215,"image":"https://media.leisuretimez.com/destination/images/8_ONEK57n.jpg","destination":14},{"id":216,"image":"https://media.leisuretimez.com/destination/images/9_mpaFTpL.jpg","destination":14},{"id":217,"image":"https://media.leisuretimez.com/destination/images/10_jqPLM1m.jpg","destination":14},{"id":218,"image":"https://media.leisuretimez.com/destination/images/11_r2jRuNj.jpg","destination":14},{"id":219,"image":"https://media.leisuretimez.com/destination/images/12_2AHN72g.jpg","destination":14},{"id":220,"image":"https://media.leisuretimez.com/destination/images/13_6pDmg3n.jpg","destination":14},{"id":221,"image":"https://media.leisuretimez.com/destination/images/14_GU46FeF.jpg","destination":14},{"id":222,"image":"https://media.leisuretimez.com/destination/images/15_bk6Hs3I.jpg","destination":14},{"id":223,"image":"https://media.leisuretimez.com/destination/images/16_EB24zUi.jpg","destination":14},{"id":224,"image":"https://media.leisuretimez.com/destination/images/17_Glm8vhS.jpg","destination":14},{"id":225,"image":"https://media.leisuretimez.com/destination/images/18_LoB39uq.jpg","destination":14},{"id":226,"image":"https://media.leisuretimez.com/destination/images/19_REsandQ.jpg","destination":14},{"id":227,"image":"https://media.leisuretimez.com/destination/images/20_fbWrXeE.jpg","destination":14},{"id":228,"image":"https://media.leisuretimez.com/destination/images/21_ivpjwMO.jpg","destination":14},{"id":229,"image":"https://media.leisuretimez.com/destination/images/22_OsqEMpv.jpg","destination":14},{"id":230,"image":"https://media.leisuretimez.com/destination/images/23_EfsqZ3V.jpg","destination":14},{"id":231,"image":"https://media.leisuretimez.com/destination/images/24_flKZqjR.jpg","destination":14},{"id":232,"image":"https://media.leisuretimez.com/destination/images/25_4iTxJUP.jpg","destination":14},{"id":233,"image":"https://media.leisuretimez.com/destination/images/26.jpg","destination":14}],"name":"Turf Valley Resort, Maryland","country":"United States","continent":"North America","trips":0,"description":"<p><span style=\"color: rgb(51, 51, 51);\">Turf Valley Resort is a relaxing destination for family getaways and corporate retreats. Surrounded by beautiful landscapes and many amenities that are located on the resort to include; golf courses, rejuvenating Spa, outdoor pool and an Alexandra’s American Fusion restaurant. Play and Relax at Turf Valley Resort, your Getaway on the Greens.</span></p>","main_image":"https://media.leisuretimez.com/destination/main_images/turf-valley-resort.jpg","locations":"Leelynn's Dining Room and Lounge-Centennial Park-Howard County Conservancy","services":"Spa-Restaurant-Golf Course-Outdoor Pool-Lodging","features":"","languages":"English","status":"active","created_at":"2024-07-27T03:12:49Z","updated_at":"2024-07-27T03:12:49Z"},{"id":16,"destination_images":[{"id":248,"image":"https://media.leisuretimez.com/destination/images/6a5596e8.avif","destination":16},{"id":249,"image":"https://media.leisuretimez.com/destination/images/31356b63.avif","destination":16},{"id":250,"image":"https://media.leisuretimez.com/destination/images/158884089.jpeg","destination":16},{"id":251,"image":"https://media.leisuretimez.com/destination/images/cropresize-720x540_5ff2908180d19.jpg","destination":16},{"id":252,"image":"https://media.leisuretimez.com/destination/images/download.jpeg","destination":16},{"id":253,"image":"https://media.leisuretimez.com/destination/images/fd92cce6.avif","destination":16},{"id":254,"image":"https://media.leisuretimez.com/destination/images/Image_1.jpg","destination":16},{"id":255,"image":"https://media.leisuretimez.com/destination/images/Image_2.jpg","destination":16},{"id":256,"image":"https://media.leisuretimez.com/destination/images/pool.jpg","destination":16},{"id":257,"image":"https://media.leisuretimez.com/destination/images/Seaworld-Orlando_660X550.jpg","destination":16},{"id":258,"image":"https://media.leisuretimez.com/destination/images/w8689h5789x0y0-6085e666.avif","destination":16},{"id":259,"image":"https://media.leisuretimez.com/destination/images/Westgate-Palace-Living-Room-and-Kitchen.jpg","destination":16},{"id":260,"image":"https://media.leisuretimez.com/destination/images/wm_thumb_770x513_westgate-palace-52296bbb527b3.jpg","destination":16}],"name":"Westgate Palace Hotel /Universal /I-Drive","country":"United States","continent":"North America","trips":0,"description":"<p><span style=\"color: rgb(0, 0, 0);\">Get your trip off to a great start with a stay at this property, which offers car park free of charge. Strategically situated in International Drive North - Universal, allowing you access and proximity to local attractions and sights. Don't leave before paying a visit to the famous Magic Kingdom Park. Rated with 4 stars, this high-quality property provides guests with access to restaurant, hot tub and fitness center on-site.</span></p>","main_image":"https://media.leisuretimez.com/destination/main_images/Image.jpg","locations":"Orlando Florida","services":"Daily Maid Service-Iron/Ironing Board-Complimentary Transportation-Laundry/Dry Cleaning Service-Children/Teen Programs-Gift Shop-Multi-lingual Staff","features":"Game Room,Health Club,Hot Tub,Fishing,Golf Course,Health Spa/Massage,Jogging Trails,Shopping Mall/Area,Pool (Children's Pool,Outdoor Pool)","languages":"English","status":"active","created_at":"2024-08-10T14:15:46Z","updated_at":"2024-08-10T14:15:46Z"},{"id":17,"destination_images":[{"id":261,"image":"https://media.leisuretimez.com/destination/images/25560533.jpg","destination":17},{"id":262,"image":"https://media.leisuretimez.com/destination/images/25560566.jpg","destination":17},{"id":263,"image":"https://media.leisuretimez.com/destination/images/25560584.jpg","destination":17},{"id":264,"image":"https://media.leisuretimez.com/destination/images/25560592.jpg","destination":17},{"id":265,"image":"https://media.leisuretimez.com/destination/images/25560604.jpg","destination":17},{"id":266,"image":"https://media.leisuretimez.com/destination/images/25560643.jpg","destination":17},{"id":267,"image":"https://media.leisuretimez.com/destination/images/25560650.jpg","destination":17},{"id":268,"image":"https://media.leisuretimez.com/destination/images/25560684.jpg","destination":17},{"id":269,"image":"https://media.leisuretimez.com/destination/images/25560688_1.jpg","destination":17},{"id":270,"image":"https://media.leisuretimez.com/destination/images/25560725.jpg","destination":17},{"id":271,"image":"https://media.leisuretimez.com/destination/images/25560746.jpg","destination":17},{"id":272,"image":"https://media.leisuretimez.com/destination/images/349292615.jpg","destination":17},{"id":273,"image":"https://media.leisuretimez.com/destination/images/349292619.jpg","destination":17},{"id":274,"image":"https://media.leisuretimez.com/destination/images/349293645.jpg","destination":17},{"id":275,"image":"https://media.leisuretimez.com/destination/images/349293890.jpg","destination":17},{"id":276,"image":"https://media.leisuretimez.com/destination/images/349296111.jpg","destination":17},{"id":277,"image":"https://media.leisuretimez.com/destination/images/349296347.jpg","destination":17},{"id":278,"image":"https://media.leisuretimez.com/destination/images/349307891.jpg","destination":17},{"id":279,"image":"https://media.leisuretimez.com/destination/images/349308273.jpg","destination":17},{"id":280,"image":"https://media.leisuretimez.com/destination/images/349329974.jpg","destination":17},{"id":281,"image":"https://media.leisuretimez.com/destination/images/349332660.jpg","destination":17},{"id":282,"image":"https://media.leisuretimez.com/destination/images/349333062.jpg","destination":17},{"id":283,"image":"https://media.leisuretimez.com/destination/images/352334367.jpg","destination":17},{"id":284,"image":"https://media.leisuretimez.com/destination/images/352334795.jpg","destination":17},{"id":285,"image":"https://media.leisuretimez.com/destination/images/352334848.jpg","destination":17}],"name":"Zanzibar Beach Resort","country":"Tanzania, United Republic of","continent":"Africa","trips":0,"description":"<p><span style=\"color: rgb(26, 26, 26);\">Located in Zanzibar City near the beach, Zanzibar Beach Resort incorporates a blend of contemporary and Afro-Arabic designs in its architecture. The resort is 1.9 mi away from Zanzibar International Airport, Zanzibar Town is a 5-minute drive away. A buffet breakfast is served every day at Zanzibar Beach Resort. While the indoor dining Spice Restaurant specializes in African, Oriental and Indian cuisines, the Baobab restaurant serves continental dishes. Guests can also dine at the Seafood Restaurant that serves fresh sea catches or have a drink at the Discovery Bar that serves alcoholic and soft drinks as well as juices.  The onsite Café Gold serves freshly ground coffee while the Pool Bar offers a selection of juices, soft and hard drinks.</span></p>","main_image":"https://media.leisuretimez.com/destination/main_images/349280695.jpg","locations":"Zanzibar City","services":"Outdoor swimming pool-Airport shuttle-Fitness center","features":"Bicycle rental,Beauty services,Massage,Fitness center,Fitness","languages":"English-Swahili","status":"active","created_at":"2024-08-22T23:59:58Z","updated_at":"2024-08-22T23:59:58Z"}],"events":[{"id":1,"event_images":[{"id":1,"image":"https://media.leisuretimez.com/event/images/95z5wMy4UcfbSSSlSw780vQ5jKA.jpg","event":1},{"id":2,"image":"https://media.leisuretimez.com/event/images/cfeVf2-uV0hUo3ToTbLjztuomWk.jpg","event":1},{"id":3,"image":"https://media.leisuretimez.com/event/images/LRPR_33A1705_RPR_Scenic_default.jpg","event":1},{"id":4,"image":"https://media.leisuretimez.com/event/images/lvCKZ07bEYtoYmY62ifMzVa0RIE.jpg","event":1},{"id":5,"image":"https://media.leisuretimez.com/event/images/ni3MyKKVu9pK0SgY6gb6Z2NOGpg.jpg","event":1},{"id":41,"image":"https://media.leisuretimez.com/event/images/WhatsApp_Image_2024-09-18_at_20.20.53_d0a0c27f.jpg","event":1},{"id":42,"image":"https://media.leisuretimez.com/event/images/WhatsApp_Image_2024-09-18_at_20.20.55_13c095a2.jpg","event":1},{"id":43,"image":"https://media.leisuretimez.com/event/images/WhatsApp_Image_2024-09-18_at_20.20.56_b1bede4a.jpg","event":1},{"id":44,"image":"https://media.leisuretimez.com/event/images/WhatsApp_Image_2024-09-18_at_20.21.00_30e6ab5b.jpg","event":1},{"id":45,"image":"https://media.leisuretimez.com/event/images/WhatsApp_Image_2024-09-18_at_20.22.59_799c6cc8.jpg","event":1},{"id":46,"image":"https://media.leisuretimez.com/event/images/WhatsApp_Image_2024-09-18_at_20.22.59_d2fc3cf1.jpg","event":1},{"id":47,"image":"https://media.leisuretimez.com/event/images/WhatsApp_Image_2024-09-18_at_20.23.00_9951bb21.jpg","event":1},{"id":48,"image":"https://media.leisuretimez.com/event/images/WhatsApp_Image_2024-09-18_at_20.23.01_53b656d1.jpg","event":1},{"id":49,"image":"https://media.leisuretimez.com/event/images/WhatsApp_Image_2024-09-18_at_20.23.01_731773fd.jpg","event":1},{"id":50,"image":"https://media.leisuretimez.com/event/images/WhatsApp_Image_2024-09-18_at_20.23.02_762b660a.jpg","event":1},{"id":51,"image":"https://media.leisuretimez.com/event/images/WhatsApp_Image_2024-09-18_at_20.23.03_686c0e14.jpg","event":1},{"id":52,"image":"https://media.leisuretimez.com/event/images/WhatsApp_Image_2024-09-19_at_11.15.54_3a05ef35.jpg","event":1},{"id":53,"image":"https://media.leisuretimez.com/event/images/WhatsApp_Image_2024-09-19_at_11.15.54_8595f414.jpg","event":1},{"id":54,"image":"https://media.leisuretimez.com/event/images/WhatsApp_Image_2024-09-19_at_11.15.54_a15dca5a.jpg","event":1},{"id":55,"image":"https://media.leisuretimez.com/event/images/WhatsApp_Image_2024-09-19_at_11.15.54_b90842d2.jpg","event":1},{"id":56,"image":"https://media.leisuretimez.com/event/images/WhatsApp_Image_2024-09-19_at_11.18.27_0afd8ea2.jpg","event":1},{"id":57,"image":"https://media.leisuretimez.com/event/images/WhatsApp_Image_2024-09-19_at_11.18.27_64178661.jpg","event":1},{"id":58,"image":"https://media.leisuretimez.com/event/images/WhatsApp_Image_2024-09-23_at_16.54.28_01bf8e1b.jpg","event":1},{"id":59,"image":"https://media.leisuretimez.com/event/images/WhatsApp_Image_2024-09-23_at_16.54.28_1e791343.jpg","event":1},{"id":60,"image":"https://media.leisuretimez.com/event/images/WhatsApp_Image_2024-09-23_at_16.54.29_a794e1c7.jpg","event":1}],"name":"Pre-Vacation Tour with Pastor (Dr) Shola Adeoye","country":"Bahamas","continent":"North America","description":"<p>Pastor (Dr) Shola Adeoye of Peculiarvision International and the <span style=\"color: rgb(5, 5, 5);\">Lead Pastor of the Lighthouse/Rejuvenation Church </span>embarked on what I called Pre-vacation Tour in preparation for the Hangout coming up in February 13th - 16th, 2025 precisely and it was fantastic. Checkout some of the Pictures </p>","main_image":"https://media.leisuretimez.com/destination/main_images/Screenshot_2024-10-02_195414.png","services":"Full entertainment","status":"active","created_at":"2024-07-24T01:54:44Z","updated_at":"2024-10-27T16:51:25Z"},{"id":2,"event_images":[{"id":6,"image":"https://media.leisuretimez.com/event/images/brochure_3.jpeg","event":2},{"id":7,"image":"https://media.leisuretimez.com/event/images/brochure_4.jpeg","event":2},{"id":8,"image":"https://media.leisuretimez.com/event/images/brochure_5.jpeg","event":2},{"id":9,"image":"https://media.leisuretimez.com/event/images/brochure_6.jpeg","event":2},{"id":10,"image":"https://media.leisuretimez.com/event/images/brochure_7.jpeg","event":2},{"id":11,"image":"https://media.leisuretimez.com/event/images/brochure_9.jpeg","event":2},{"id":12,"image":"https://media.leisuretimez.com/event/images/brochure_14.jpeg","event":2},{"id":13,"image":"https://media.leisuretimez.com/event/images/brochure_16.jpeg","event":2},{"id":14,"image":"https://media.leisuretimez.com/event/images/brochure_18.jpeg","event":2},{"id":15,"image":"https://media.leisuretimez.com/event/images/brochure_20.jpeg","event":2},{"id":16,"image":"https://media.leisuretimez.com/event/images/brochure_3_Muoptum.jpeg","event":2},{"id":17,"image":"https://media.leisuretimez.com/event/images/brochure_4_PtGQ72s.jpeg","event":2},{"id":18,"image":"https://media.leisuretimez.com/event/images/brochure_5_ruvouBW.jpeg","event":2},{"id":19,"image":"https://media.leisuretimez.com/event/images/brochure_6_A7TkwgC.jpeg","event":2},{"id":20,"image":"https://media.leisuretimez.com/event/images/brochure_7_9dY11Uv.jpeg","event":2},{"id":21,"image":"https://media.leisuretimez.com/event/images/brochure_9_YCwh5XS.jpeg","event":2},{"id":22,"image":"https://media.leisuretimez.com/event/images/brochure_14_6YSeHWM.jpeg","event":2},{"id":23,"image":"https://media.leisuretimez.com/event/images/brochure_16_e7DEOBe.jpeg","event":2},{"id":24,"image":"https://media.leisuretimez.com/event/images/brochure_18_3pRJR8B.jpeg","event":2},{"id":25,"image":"https://media.leisuretimez.com/event/images/brochure_20_0ypwyry.jpeg","event":2}],"name":"Cruise Celebration","country":"United States","continent":"North America","description":"<p>Let's help you take you celebration to the next level. </p>","main_image":"https://media.leisuretimez.com/destination/main_images/brochure.jpeg","services":"Birthday Party","status":"active","created_at":"2024-07-28T01:59:06Z","updated_at":"2024-07-28T01:59:06Z"},{"id":3,"event_images":[{"id":26,"image":"https://media.leisuretimez.com/event/images/entrance.jpg","event":3},{"id":27,"image":"https://media.leisuretimez.com/event/images/WhatsApp_Image_2024-08-07_at_17.05.08_1a72a19a.jpg","event":3},{"id":28,"image":"https://media.leisuretimez.com/event/images/WhatsApp_Image_2024-08-07_at_17.05.08_1b139970.jpg","event":3},{"id":29,"image":"https://media.leisuretimez.com/event/images/WhatsApp_Image_2024-08-07_at_17.05.08_22dcce40.jpg","event":3},{"id":30,"image":"https://media.leisuretimez.com/event/images/WhatsApp_Image_2024-08-07_at_17.05.08_bd1f119a.jpg","event":3},{"id":31,"image":"https://media.leisuretimez.com/event/images/WhatsApp_Image_2024-08-07_at_17.05.08_bd239016.jpg","event":3},{"id":32,"image":"https://media.leisuretimez.com/event/images/WhatsApp_Image_2024-08-07_at_17.05.08_cacc820c.jpg","event":3},{"id":33,"image":"https://media.leisuretimez.com/event/images/WhatsApp_Image_2024-08-07_at_17.13.07_3315f6fc.jpg","event":3},{"id":34,"image":"https://media.leisuretimez.com/event/images/WhatsApp_Image_2024-08-07_at_17.13.07_e6f7f409.jpg","event":3},{"id":35,"image":"https://media.leisuretimez.com/event/images/WhatsApp_Image_2024-08-07_at_17.13.07_e95debda.jpg","event":3},{"id":36,"image":"https://media.leisuretimez.com/event/images/WhatsApp_Image_2024-08-07_at_17.05.08_1b913ae4.jpg","event":3},{"id":37,"image":"https://media.leisuretimez.com/event/images/WhatsApp_Image_2024-08-07_at_17.05.08_22dcce40_AAyT8DE.jpg","event":3},{"id":38,"image":"https://media.leisuretimez.com/event/images/WhatsApp_Image_2024-08-07_at_17.05.08_cf5a10a8.jpg","event":3},{"id":39,"image":"https://media.leisuretimez.com/event/images/WhatsApp_Image_2024-08-07_at_17.05.08_fe8acb67.jpg","event":3},{"id":40,"image":"https://media.leisuretimez.com/event/images/WhatsApp_Image_2024-08-07_at_17.05.08_ff09c322.jpg","event":3}],"name":"RCCG Restoration Spring Boat Cruise","country":"United States","continent":"North America","description":"<p>A fun fill boat organized by Men packaged by Leisure Timez</p>","main_image":"https://media.leisuretimez.com/destination/main_images/WhatsApp_Image_2024-08-07_at_17.05.08_bd1f119a.jpg","services":"Verities of Food-Drinks","status":"active","created_at":"2024-08-08T21:29:22Z","updated_at":"2024-08-10T03:04:18Z"},{"id":4,"event_images":[{"id":61,"image":"https://media.leisuretimez.com/event/images/birla-city-water-park-ajmer-birla1.jpg","event":4},{"id":62,"image":"https://media.leisuretimez.com/event/images/Flyer.jpg","event":4},{"id":63,"image":"https://media.leisuretimez.com/event/images/maxresdefault_1.jpg","event":4},{"id":64,"image":"https://media.leisuretimez.com/event/images/maxresdefault.jpg","event":4},{"id":65,"image":"https://media.leisuretimez.com/event/images/OIP_1.jpeg","event":4},{"id":66,"image":"https://media.leisuretimez.com/event/images/OIP_2.jpeg","event":4},{"id":67,"image":"https://media.leisuretimez.com/event/images/OIP.jpeg","event":4},{"id":68,"image":"https://media.leisuretimez.com/event/images/omu.jpg","event":4},{"id":69,"image":"https://media.leisuretimez.com/event/images/Omu-resort-Lagos.jpg","event":4},{"id":70,"image":"https://media.leisuretimez.com/event/images/birla-city-water-park-ajmer-birla1_guqnyOJ.jpg","event":4},{"id":71,"image":"https://media.leisuretimez.com/event/images/Flyer_TIbZo8b.jpg","event":4},{"id":72,"image":"https://media.leisuretimez.com/event/images/maxresdefault_1_DC1AB6G.jpg","event":4},{"id":73,"image":"https://media.leisuretimez.com/event/images/maxresdefault_KWAtT9v.jpg","event":4},{"id":74,"image":"https://media.leisuretimez.com/event/images/OIP_1_bUnhuYI.jpeg","event":4},{"id":75,"image":"https://media.leisuretimez.com/event/images/OIP_2_vzUoxgC.jpeg","event":4},{"id":76,"image":"https://media.leisuretimez.com/event/images/OIP_E43I80S.jpeg","event":4},{"id":77,"image":"https://media.leisuretimez.com/event/images/omu_vnSOwKA.jpg","event":4},{"id":78,"image":"https://media.leisuretimez.com/event/images/Omu-resort-Lagos_RpstFVk.jpg","event":4}],"name":"Free Valentine Vacation for 2 Couple","country":"Nigeria","continent":"Africa","description":"<p>Free Vacation Trip To OmuCreek Resort, Lekki</p><p><br></p><p>Couples, are you ready for the Free vacation of a lifetime? Leisure Timez is giving two lucky couples the chance to enjoy a luxurious 3-day, 2-night adventure at the stunning OMU Resort in Lekki – absolutely FREE!\" Picture this: exhilarating quad biking, thrilling paintball games, high-speed go-karting, serene boat cruises, and nights spent in a VIP hotel. Not to mention, you’ll indulge in mouthwatering, luxurious meals every step of the way! And the best part? You don’t pay a dime – no entry fees, no hidden costs. This dream vacation is on us, brought to you by Leisure Timez, your trusted vacation planner based in Spring, Texas</p><p><br></p><p><strong>To grab this amazing opportunity, follow these six simple steps:</strong></p><p>1. Email your names to leisuretime218@gmail.com. (Note-No z)</p><p>2. Join our exclusive WhatsApp group.</p><p>3. Subscribe and follow us on all our social media platforms.</p><p>4. Watch a few of our exciting videos on YouTube. - Leisure Timez </p><p>5. Create a short video with your spouse, summarizing the importance of vacations based on one of our videos.</p><p>6. Upload your video on all your social media platforms with the hashtags #leisuretimezfreecouplevacation2025 and tag us at @leisuretimez3 on Instagram&nbsp;</p><p><br></p><p>Don’t miss this chance to create memories that’ll last a lifetime!</p><p><br></p><p>For more information, contact us at +1 346-372-2568, email us at info@leisuretimez.com, or visit our website at www.leisuretimez.com.</p><p>Follow us on YouTube, Facebook, Instagram, and TikTok @Leisure Timez</p>","main_image":"https://media.leisuretimez.com/destination/main_images/Flyer3.jpg","services":"Boat cruises, Exhilarating quad biking, Thrilling paintball games, High speed go-karting, and many more","status":"active","created_at":"2025-01-22T17:27:58Z","updated_at":"2025-02-02T14:15:23Z"}]}